word,count
trump,9
new,8
election,7
us,7
say,6
world,4
series,4
worlds,4
heres,4
like,4
game,4
strikes,3
scientists,3
largest,3
experts,3
one,3
campaign,3
show,3
time,3
army,3
hes,3
dodgers,3
miami,3
israel,2
iran,2
bomb,2
russian,2
airline,2
cracks,2
gate,2
lice,2
menendez,2
case,2
theyre,2
back,2
energy,2
dead,2
flooding,2
lake,2
may,2
recover,2
places,2
trumps,2
political,2
todays,2
rally,2
first,2
teen,2
person,2
wants,2
prime,2
secret,2
claims,2
britain,2
relationship,2
found,2
taking,2
joe,2
rogan,2
history,2
doctors,2
calling,2
former,2
ahead,2
long,2
features,2
house,2
served,2
iraq,2
top,2
halloween,2
south,2
reveals,2
star,2
lived,2
meet,2
lost,2
billion,2
life,2
could,2
zendaya,2
ai,2
made,2
track,2
los,2
angeles,2
dolphins,2
quarterback,2
cleared,2
return,2
play,2
arizona,2
cardinals,2
inside,2
georgia,1
hoax,1
threats,1
ukrainian,1
hospital,1
accidentally,1
drilled,1
volcanos,1
magma,1
chamber,1
going,1
hopes,1
finding,1
limitless,1
clean,1
least,1
missing,1
massive,1
landslides,1
philippines,1
planets,1
shrinking,1
fast,1
fear,1
never,1
rare,1
rainfall,1
sparks,1
driest,1
earth,1
vance,1
insists,1
enemy,1
within,1
comments,1
werent,1
directed,1
rivals,1
msg,1
signifies,1
stop,1
candidates,1
today,1
red,1
mirage,1
blue,1
shift,1
netanyahu,1
severely,1
damaged,1
iranian,1
defenses,1
comment,1
retired,1
colonel,1
explains,1
significance,1
israels,1
strike,1
catch,1
global,1
became,1
youngest,1
summit,1
highest,1
peaks,1
others,1
follow,1
footsteps,1
criminals,1
looting,1
millions,1
atms,1
europe,1
germany,1
target,1
skip,1
line,1
witches,1
walk,1
among,1
fictional,1
ones,1
grew,1
oldest,1
dies,1
longevity,1
georgias,1
proeu,1
opposition,1
cries,1
foul,1
ruling,1
party,1
victory,1
skirting,1
sidelines,1
special,1
getting,1
complicated,1
iceland,1
embraced,1
shorter,1
work,1
week,1
turned,1
woman,1
zipped,1
boyfriend,1
suitcase,1
died,1
guilty,1
seconddegree,1
murder,1
japans,1
pm,1
faces,1
major,1
test,1
weeks,1
office,1
hear,1
plans,1
rfk,1
jr,1
skeletal,1
remains,1
castle,1
well,1
belong,1
figure,1
yearold,1
saga,1
lamine,1
yamal,1
makes,1
barcelona,1
hammers,1
real,1
madrid,1
el,1
clásico,1
olivia,1
munn,1
chose,1
mastectomy,1
scars,1
skims,1
killed,1
sudanese,1
paramilitary,1
group,1
attacks,1
village,1
activists,1
bus,1
crash,1
central,1
mexico,1
kills,1
people,1
commonwealth,1
leaders,1
come,1
discussion,1
uk,1
slavery,1
reparations,1
exswimsuit,1
model,1
describes,1
alleged,1
encounter,1
jeffrey,1
epstein,1
big,1
tech,1
ceos,1
seeking,1
rekindle,1
president,1
day,1
fight,1
survive,1
dock,1
tragedy,1
latest,1
chapter,1
gullah,1
geechee,1
communitys,1
struggle,1
abortion,1
ad,1
mother,1
forced,1
deliver,1
baby,1
knew,1
would,1
die,1
airlifting,1
rhinos,1
upside,1
helping,1
populations,1
bounce,1
archaeologists,1
uncover,1
tiny,1
pompeii,1
intact,1
elaborate,1
frescoes,1
asias,1
chefs,1
netflix,1
culinary,1
class,1
wars,1
judge,1
engineer,1
florida,1
searching,1
owner,1
ring,1
discovered,1
hurricane,1
wreckage,1
lizzos,1
costume,1
draws,1
inspiration,1
infamous,1
park,1
episode,1
groundbreaking,1
telescope,1
piece,1
cosmic,1
map,1
shohei,1
ohtani,1
suffers,1
apparent,1
shoulder,1
injury,1
connected,1
instagram,1
guy,1
another,1
country,1
decided,1
stunning,1
fossil,1
trapped,1
amber,1
previously,1
unknown,1
species,1
dinosaurs,1
silk,1
road,1
cities,1
mapped,1
using,1
remote,1
sensing,1
giant,1
meteorite,1
boiled,1
oceans,1
years,1
ago,1
fertilizer,1
fossils,1
arthropod,1
looked,1
peer,1
underwater,1
caves,1
thrives,1
europes,1
season,1
travel,1
starts,1
michelin,1
chef,1
full,1
english,1
breakfast,1
divides,1
tired,1
california,1
moved,1
colombia,1
feel,1
safer,1
magical,1
white,1
stone,1
wonderland,1
effervescent,1
bathing,1
pools,1
rising,1
popularity,1
yemeni,1
coffee,1
shops,1
third,1
jury,1
awards,1
apple,1
design,1
patent,1
lawsuit,1
masimo,1
nike,1
starbucks,1
boeing,1
magic,1
amazon,1
help,1
save,1
gas,1
businesses,1
suffering,1
uncertainty,1
hurting,1
economy,1
keurig,1
dr,1
pepper,1
buy,1
drink,1
maker,1
ghost,1
trending,1
costumes,1
google,1
pays,1
tribute,1
cher,1
shimmering,1
vintage,1
gown,1
painting,1
robot,1
aida,1
fetch,1
auction,1
striking,1
photos,1
document,1
environmental,1
decay,1
painter,1
whose,1
erotic,1
glamorous,1
portraits,1
belated,1
art,1
icon,1
superthin,1
skyscraper,1
apartment,1
wide,1
planned,1
dubai,1
rojé,1
stona,1
olympic,1
field,1
champion,1
dreams,1
playing,1
nfl,1
york,1
yankees,1
lastgasp,1
loss,1
inter,1
beats,1
atlanta,1
united,1
lionel,1
messis,1
mls,1
playoff,1
debut,1
freddie,1
freeman,1
launches,1
dramatic,1
grand,1
slam,1
win,1
tua,1
tagovailoa,1
sunday,1
usf,1
mens,1
head,1
basketball,1
coach,1
amir,1
abdurrahim,1
staging,1
madison,1
square,1
garden,1
betting,1
showmanship,1
celebrity,1
open,1
eliminating,1
income,1
taxes,1
pushes,1
sweeping,1
tariff,1
proposals,1
podcast,1
chinese,1
hackers,1
targeted,1
vances,1
phone,1
data,1
intelligence,1
assesses,1
operatives,1
behind,1
fake,1
video,1
showing,1
pennsylvania,1
ballots,1
destroyed,1
ny,1
republican,1
critical,1
race,1
spent,1
huge,1
sums,1
cash,1
steakhouses,1
booze,1
ubers,1
foreign,1
hostel,1
straight,1
couples,1
partner,1
stand,1
flamingo,1
answer,1
reflect,1
age,1
study,1
psilocybin,1
alternative,1
treatment,1
depression,1
ways,1
support,1
friends,1
cancer,1
consume,1
protein,1
supplements,1
changed,1
terms,1
service,1
let,1
train,1
everyones,1
posts,1
users,1
arms,1
elon,1
musk,1
hell,1
fix,1
government,1
record,1
paints,1
different,1
picture,1
meta,1
fires,1
employees,1
spending,1
food,1
allowances,1
personal,1
items,1
acne,1
pads,1
wine,1
glasses,1
swiping,1
right,1
popular,1
dating,1
apps,1
views,1
mindbending,1
mirrors,1
appeared,1
desert,1
lions,1
prowl,1
africas,1
wildest,1
golf,1
course,1
qatars,1
city,1
future,1
colorful,1
artworks,1
folded,1
paper,1
michael,1
jordans,1
slice,1
paradise,1
wildlife,1
photographers,1
awardwinning,1
images,1
rape,1
tie,1
menudo,1
might,1
victims,1
doc,1
producer,1
military,1
investigation,1
incident,1
controversial,1
arlington,1
cemetery,1
still,1
ongoing,1
report,1
two,1
tickets,1
minute,1
space,1
trip,1
sell,1
immediately,1
kate,1
bush,1
keen,1
make,1
album,1
hillary,1
clinton,1
unhinged,1
unstable,1
ceo,1
wwe,1
sued,1
allegedly,1
enabling,1
sexual,1
abuse,1
tom,1
holland,1
read,1
spiderman,1
script,1
movie,1
comes,1
nicole,1
scherzinger,1
forever,1
cherish,1
treasure,1
liam,1
payne,1
best,1
bars,1
